place_id,name,description,is_spending_on_ads,reviews,rating,competitors,website,phone,can_claim,owner_name,owner_profile_link,featured_image,main_category,categories,workday_timing,is_temporarily_closed,closed_on,address,review_keywords,link,query
ChIJZWTdi9hzsEcRqGSaVz9Oa-U,RENOTT - Die Renovierungsexperten,"RENOTT - Renovierungsexperten.
Wir bieten massgeschneiderte Renovierungslosungen, die den individuellen Bedurfnissen unserer Kunden gerecht werden. Unser erfahrenes Team garantiert hochste Qualitat, Transparenz und Professionalitat bei jedem Projekt. Wir legen grossen Wert auf eine enge Zusammenarbeit mit unseren Kunden und sorgen fur langlebige Ergebnisse.",1,31,4.9,"Name: NIKO-Sanierungen
Link: No Link
Reviews: 10 reviews

Name: Inovativ Sanierungen Hannover - Immobilien Sanierungen Renovierung Bodenleger Fliesenarbeiten Trockenbau & Raumausstatter
Link: No Link
Reviews: 8 reviews

Name: Renostein
Link: No Link
Reviews: 8 reviews

Name: Top Renovierung Hannover
Link: No Link
Reviews: 5 reviews

Name: Reno-Bau GmbH
Link: No Link
Reviews: 4 reviews",https://renott.de/,0511 10556091,,RENOTT - Die Renovierungsexperten (Sahibi),https://www.google.com/maps/contrib/115767751938676567068,https://lh3.googleusercontent.com/p/AF1QipNtZCoEjCLrmVOYEbJd36Vnq4L6u7TrXdqejZAk=w1920-h1080-k-no,El Isleri,"El Isleri, Alcipan Isleri Yuklenicisi",08:00-17:00,,Pazar,"Kopernikusstrasse 12A, 30853 Langenhagen",,https://www.google.com/maps/place/RENOTT+-+Die+Renovierungsexperten/data=!4m7!3m6!1s0x47b073d88bdd6465:0xe56b4e3f579a64a8!8m2!3d52.455793!4d9.733775!16s%2Fg%2F11sb_mm7_f!19sChIJZWTdi9hzsEcRqGSaVz9Oa-U?authuser=0&hl=tr&rclk=1,"gerustbauer in hannover, niedersachsen, germany"
ChIJY1CG8bt1sEcRWt9-R0ygMxc,Gerustbau Samiez GmbH,"Als eines der fuhrenden Gerustbauunternehmen in Deutschland bieten wir massgeschneiderte Gerustlosungen fur Industrie, Bau, Sanierung und Events in ganz Europa. Mit einer uber 40-jahrigen Erfolgsgeschichte im Gerustbau und Logistikmanagement sind wir stolz auf unsere hohe Verfugbarkeit an Materialien, unsere aussergewohnliche Geschwindigkeit und unsere Preistransparenz. Verlassen Sie sich auf unser Fachwissen, um Bauprojekte jeder Grosse erfolgreich umzusetzen.",,27,4.8,"Name: Blitzgerustbau Alak Hannover GmbH
Link: No Link
Reviews: 25 reviews

Name: Gerustbau Kaya | Hannover
Link: No Link
Reviews: 19 reviews

Name: Gerustbau BINA GmbH
Link: No Link
Reviews: 8 reviews

Name: Meyer Gerustbau
Link: No Link
Reviews: 4 reviews

Name: Jurgen Meiseberg
Link: No Link
Reviews: 2 reviews",https://www.samiez.de/,0511 774414,,Gerustbau Samiez GmbH (Sahibi),https://www.google.com/maps/contrib/105618100719299258204,https://lh3.googleusercontent.com/gps-cs-s/AG0ilSw8X27iuSECAwMKkOqfEt3jThYXQdaijJYOPpI4eif_Z32KPOCjG05XLdNDDRJwxupZ4GdL9rZcK6l2QoB7lAckL8St4bARcvcHDHPt3UfJ8dSHbazvY-vnNH-MtFsdjPcpCxFjlw=w1920-h1080-k-no,Iskele Hizmeti,Iskele Hizmeti,07:00-17:00,,"Cumartesi, Pazar","Barbarastrasse 12, 30952 Ronnenberg",,https://www.google.com/maps/place/Ger%C3%BCstbau+Samiez+GmbH/data=!4m7!3m6!1s0x47b075bbf1865063:0x1733a04c477edf5a!8m2!3d52.3377838!4d9.6590852!16s%2Fg%2F11j5sn3872!19sChIJY1CG8bt1sEcRWt9-R0ygMxc?authuser=0&rclk=1,"gerustbauer in hannover, niedersachsen, germany"
ChIJwU_UMyUJsEcRSaZGM3JF5hs,Karl-Heinz Hubener GmbH,"Die Karl-Heinz Hubener GmbH ist Ihr kompetenter Partner fur Gerustbau und -vermietung in der Region Hannover. Wir bieten eine breite Palette von Losungen, darunter Arbeitsgeruste, Fassadengeruste und Industriegeruste, die auf die spezifischen Anforderungen Ihrer Bauprojekte zugeschnitten sind. Unser erfahrenes Team berat Sie umfassend und montiert bei Bedarf auch Spezialgeruste, Hangegeruste und Rollgeruste. Neben der Vermietung von Baugerusten und Arbeitsbuhnen fuhren wir auch Reparaturen und Wartungen durch. Vertrauen Sie auf unsere Expertise fur alle Ihre Gerustbaubedurfnisse in Hannover, Braunschweig und Umgebung.",,27,4.8,"Name: J.V.T. Gerustbau Schneider GmbH
Link: No Link
Reviews: 17 reviews

Name: AMS Gerustbau
Link: No Link
Reviews: 16 reviews

Name: Meyer Gerustbau
Link: No Link
Reviews: 4 reviews

Name: JL Gerustbau Jorg Liesner
Link: No Link
Reviews: No Reviews reviews

Name: Gerustbau Rudnick Inh. J. Rudnick
Link: No Link
Reviews: No Reviews reviews",https://www.geruestbau-huebener.de/,05132 7090,,Karl-Heinz Hubener GmbH (Sahibi),https://www.google.com/maps/contrib/111641253549811876291,https://lh3.googleusercontent.com/gps-cs-s/AG0ilSyt-6290ZdRNLxxgNAQPOlTVhl_KtiivLuWzOsxQdQnJ12bh6hTNzRr7QLO0AjoMzThO5Ubd6a8HsRJBSdjQ0IEapS9A5ZiUF4P0fGuV8ZmbadLjUnocRJ-1L9PDt3vcKZXhQia=w1920-h1080-k-no,Iskele Hizmeti,Iskele Hizmeti,07:00-16:00,,"Cumartesi, Pazar","Im Kleifeld 25, 31275 Lehrte",,https://www.google.com/maps/place/Karl-Heinz+H%C3%BCbener+GmbH/data=!4m7!3m6!1s0x47b0092533d44fc1:0x1be645723346a649!8m2!3d52.3605203!4d9.9060617!16s%2Fg%2F1vqtfvdw!19sChIJwU_UMyUJsEcRSaZGM3JF5hs?authuser=0&rclk=1,"gerustbauer in hannover, niedersachsen, germany"
ChIJg7Sr1F10sEcR6wLzT7CRLv8,Blitzgerustbau Alak Hannover GmbH,,,25,5,"Name: Gerustbau Kaya | Hannover
Link: No Link
Reviews: 19 reviews

Name: J.V.T. Gerustbau Schneider GmbH
Link: No Link
Reviews: 17 reviews

Name: Richter Gerustbau
Link: No Link
Reviews: 10 reviews

Name: Meyer Gerustbau
Link: No Link
Reviews: 4 reviews

Name: Gerustbau Mario Grunewald
Link: No Link
Reviews: No Reviews reviews",https://blitzgeruestbau-alak.de/,0511 72700260,,Blitzgerustbau Alak Hannover GmbH (Sahibi),https://www.google.com/maps/contrib/114421898949964528333,https://lh3.googleusercontent.com/gps-cs-s/AG0ilSxr6uEdJfCo_qswqBgrzvGTZwohSRTOu-X87DqgSWP5lNzwrMInUeeWHY4CRE6RBODAsM-Mb15EmNU99K-nNMzJJbQjphp6q0qd1u0FCoSeR6tDxQVJw4q6HKCc_9qkngd5Qjdj=w1920-h1080-k-no,Iskele Hizmeti,Iskele Hizmeti,07:00-16:00,,Pazar,"Sudfeldstrasse 5, 30453 Hannover",,https://www.google.com/maps/place/Blitzger%C3%BCstbau+Alak+Hannover+GmbH/data=!4m7!3m6!1s0x47b0745dd4abb483:0xff2e91b04ff302eb!8m2!3d52.3675039!4d9.6832776!16s%2Fg%2F11dym83p2n!19sChIJg7Sr1F10sEcR6wLzT7CRLv8?authuser=0&rclk=1,"gerustbauer in hannover, niedersachsen, germany"
ChIJlc0ic7t0sEcRAIwRXLTfoNM,Gerustbau Kunkel - Bad Nenndorf,"Sie benotigen fur Ihr Projekt ein hochwertiges Baugerust und suchen deshalb nach einem zuverlassigen Gerustbauunternehmen? Dann herzlich willkommen bei Gerustbau Kunkel, Ihrem professionellen Gerustbauer aus Bad Nenndorf! Wir sind Ihr Spezialist fur Gerustbau mit Tradition und Erfahrung seit 1964 und weit uber die Grenzen unseres Standortes hinaus gefragt.

Neben unserem Haupteinsatzgebiet Hannover sorgen wir auch im restlichen Niedersachsen, in Nordrhein-Westfalen, Hamburg und Bremen fur Sicherheit in Industrie und Bau. Wir haben uns einer verantwortungsvollen Dienstleistung verschrieben, egal ob Kircheneinrustungen, Fassadengeruste oder Sonderkonstruktionen.",,25,4.5,"Name: Tarak Gerustbau International GmbH - Stadthagen
Link: No Link
Reviews: 53 reviews

Name: Richter Gerustbau
Link: No Link
Reviews: 10 reviews

Name: Kautscha Gerustbau e.K.
Link: No Link
Reviews: 4 reviews

Name: Gerustverleih Andreas Reichel
Link: No Link
Reviews: 1 reviews

Name: Gerustbau Kunkel
Link: No Link
Reviews: No Reviews reviews",https://www.geruestbau-kunkel.de/,05723 6093,,Gerustbau Kunkel - Bad Nenndorf (Sahibi),https://www.google.com/maps/contrib/112046498997714896765,,Iskele Hizmeti,"Iskele Hizmeti, Insaat Sirketi, Asansor Ureticisi, Asansor Servisi, Metal Insaat Sirketi, Celik Karkas Yuklenicisi",06:30-17:00,,"Cumartesi, Pazar","Rotrehre 24-26, 31542 Bad Nenndorf",,https://www.google.com/maps/place/Ger%C3%BCstbau+Kunkel+-+Bad+Nenndorf/data=!4m7!3m6!1s0x47b074bb7322cd95:0xd3a0dfb45c118c00!8m2!3d52.3462494!4d9.381918!16s%2Fg%2F1tgfcdtv!19sChIJlc0ic7t0sEcRAIwRXLTfoNM?authuser=0&hl=tr&rclk=1,"gerustbauer in hannover, niedersachsen, germany"
ChIJ7xjZ7FavukcREkMJSP2QVlw,H. Fischer Gerustbau GmbH,"H. Fischer Gerustbau GmbH - Gerustbau, der passt.
Wir stehen fur moderne, sichere und flexibel planbare Gerustlosungen in Hildesheim und Umgebung. Ob Privatprojekt, Handwerksauftrag, komplexe Fassadenarbeiten oder Industriegerustbau - wir liefern termingenaue Beratung, smarte Planung und einen sauberen, professionellen Auf- und Abbau.
Mit einem eingespielten Team, innovativen Ideen und uber 60 Jahren Erfahrung sorgen wir dafur, dass jedes Projekt sicher und effizient umgesetzt wird.
H. Fischer Gerustbau GmbH - zuverlassig, flexibel und kompetent",,20,4.9,"Name: Steding Gerustbau
Link: No Link
Reviews: 14 reviews

Name: Habekost GmbH
Link: No Link
Reviews: 12 reviews

Name: CS Gerustbau GmbH
Link: No Link
Reviews: 10 reviews

Name: Dieter Jesse Gerustbau GmbH
Link: No Link
Reviews: 3 reviews

Name: Fischer H. Gerustvermietung GmbH
Link: No Link
Reviews: 2 reviews",http://www.h-fischer-gmbh.de/,05121 770526,,H. Fischer Gerustbau GmbH (Sahibi),https://www.google.com/maps/contrib/103615013404969652181,https://lh3.googleusercontent.com/p/AF1QipNbLKtohihjFAGTIsfTVf5orWw4CVkXt8AXU1gd=w1920-h1080-k-no,Iskele Hizmeti,Iskele Hizmeti,08:00-16:00,,"Cumartesi, Pazar","Hannoversche Str. 64, 31180 Giesen",,https://www.google.com/maps/place/H.+Fischer+Ger%C3%BCstbau+GmbH/data=!4m7!3m6!1s0x47baaf56ecd918ef:0x5c5690fd48094312!8m2!3d52.1976237!4d9.9206767!16s%2Fg%2F1thcrftq!19sChIJ7xjZ7FavukcREkMJSP2QVlw?authuser=0&hl=tr&rclk=1,"gerustbauer in hannover, niedersachsen, germany"
ChIJU5rNrPN0sEcRaguuUgmrHiw,Gerustbau Kaya | Hannover,"Unterschiedliche Arbeiten im Innen- oder Aussenbereich sind in entsprechender Hohe oder an schwer zuganglichen Stellen ohne ein Gerust kaum zu bewerkstelligen. Sorgen Sie fur die Sicherheit Ihrer Mitarbeiter und vorbeilaufenden Passanten und arbeiten Sie effizienter mit den Leistungen und Angeboten unseres Gerustbaus im Raum Hannover. Mehr als 20 Jahre Erfahrung auf diesem Gebiet sorgen dafur, dass wir Ihre Projekte schnell, kompetent und auf dem neuesten Stand der Technik begleiten konnen.",,19,3.8,"Name: Blitzgerustbau Alak Hannover GmbH
Link: No Link
Reviews: 25 reviews

Name: J.V.T. Gerustbau Schneider GmbH
Link: No Link
Reviews: 17 reviews

Name: Richter Gerustbau
Link: No Link
Reviews: 10 reviews

Name: Gerustbau BINA GmbH
Link: No Link
Reviews: 8 reviews

Name: Meyer Gerustbau
Link: No Link
Reviews: 4 reviews",http://geruestbau-kaya.de/,0511 2134145,,Gerustbau Kaya | Hannover (Sahibi),https://www.google.com/maps/contrib/118373054773114253739,https://streetviewpixels-pa.googleapis.com/v1/thumbnail?panoid=z3mEiCLU7YK9gnqrD_41Og&cb_client=search.gws-prod.gps&w=408&h=240&yaw=238.27576&pitch=0&thumbfov=100,Iskele Hizmeti,Iskele Hizmeti,08:00-17:00,,"Cumartesi, Pazar","Bernhard-Caspar-Strasse 1, 30453 Hannover",,https://www.google.com/maps/place/Ger%C3%BCstbau+Kaya+%7C+Hannover/data=!4m7!3m6!1s0x47b074f3accd9a53:0x2c1eab0952ae0b6a!8m2!3d52.3660304!4d9.7009874!16s%2Fg%2F1trcfgpn!19sChIJU5rNrPN0sEcRaguuUgmrHiw?authuser=0&rclk=1,"gerustbauer in hannover, niedersachsen, germany"
ChIJKyM4WKAZsEcRyS7bO3ho508,Grove Gerustbau,"Herzlich willkommen bei Grove Gerustbau! Wir sind Ihr kompetenter Ansprechpartner in Nienhagen. Unsere Leistungen sind u. a.: Gerustbau, Fahrgeruste, Geruste fur Maurer, Maler und Dachdecker, Treppenturme, Sonderkonstruktionen, Baugeruste, Gerustverleih. Sie haben Fragen? Dann kontaktieren Sie uns bitte! Ihr Grove Gerustbau",,19,4.2,"Name: Stahlrohrgerustbau GmbH Niewerth
Link: No Link
Reviews: 34 reviews

Name: Meyer Gerustbau
Link: No Link
Reviews: 4 reviews

Name: Frank Landau Gerustbau
Link: No Link
Reviews: 2 reviews

Name: A1 Gerustbau GmbH (Celle)
Link: No Link
Reviews: No Reviews reviews

Name: Gerustbau Mario Grunewald
Link: No Link
Reviews: No Reviews reviews",https://www.grove-geruestbau.de/,05144 56495,,Grove Gerustbau (Sahibi),https://www.google.com/maps/contrib/106585821409393262686,https://lh3.googleusercontent.com/gps-cs-s/AG0ilSykwD6ErncLNdTibAIKQRD5lgweC_1zPKx_E292ihotQe0rtVe6PgzWKAB6lNp9jj6iMOuV2Unf_CLGZknDKmuUjPj8pEXj6gzD3KiB3_O0pTbz_1aezr2H3rHAs6JWIDT-8L47=w1920-h1080-k-no,Iskele Hizmeti,Iskele Hizmeti,08:00-17:00,,Pazar,"Storchenweg 5, 29336 Nienhagen",,https://www.google.com/maps/place/Grove+Ger%C3%BCstbau/data=!4m7!3m6!1s0x47b019a05838232b:0x4fe768783bdb2ec9!8m2!3d52.552559!4d10.1045969!16s%2Fg%2F1tj56twv!19sChIJKyM4WKAZsEcRyS7bO3ho508?authuser=0&hl=tr&rclk=1,"gerustbauer in hannover, niedersachsen, germany"
ChIJleJ44ap0sEcRHw12j0fgTNk,J.V.T. Gerustbau Schneider GmbH,"Unser familiengefuhrter Handwerksbetrieb ist Ihr Ansprechpartner in Sachen Gerustbau. Als Fachunternehmen liefern wir exakt, sicher und schnell zum gewunschten Termin. Die Geruststellung erfolgt nach den Vorschriften der BG Bau, sowie nach den Regeln der Unfallverhutungsvorschriften und nach Aufbau- und Verwendungsanleitung der Gerusthersteller. In Zusammenarbeit mit der Bundesinnung fur Gerustbau verbessern wir unseren Qualitatsstandard stetig.

Unser Team freut sich auf Ihre Anfrage - sowohl Grossbaustellen, als auch kleine Bauvorhaben fuhren wir mit gleich-bleibender Prazision aus.",,17,4.2,"Name: Gerustbau Kaya | Hannover
Link: No Link
Reviews: 19 reviews

Name: Richter Gerustbau
Link: No Link
Reviews: 10 reviews

Name: Gerustbau BINA GmbH
Link: No Link
Reviews: 8 reviews

Name: Meyer Gerustbau
Link: No Link
Reviews: 4 reviews

Name: STABAU
Link: No Link
Reviews: 2 reviews",http://www.geruestbauschneider.com/,0511 313753,,J.V.T. Gerustbau Schneider GmbH (Sahibi),https://www.google.com/maps/contrib/117089896079856064002,https://lh3.googleusercontent.com/p/AF1QipOkAZDcPexJu4Y0tGEZ1Gv3Kjn_8FTKghYM80_H=w1920-h1080-k-no,Iskele Hizmeti,Iskele Hizmeti,07:00-16:00,,"Cumartesi, Pazar","Desbrocksheidering 12, 30419 Hannover",,https://www.google.com/maps/place/J.V.T.+Ger%C3%BCstbau+Schneider+GmbH/data=!4m7!3m6!1s0x47b074aae178e295:0xd94ce0478f760d1f!8m2!3d52.4285049!4d9.6626624!16s%2Fg%2F1tfvr_b9!19sChIJleJ44ap0sEcRHw12j0fgTNk?authuser=0&rclk=1,"gerustbauer in hannover, niedersachsen, germany"
ChIJSR4XXCQJsEcR0pgLipC7j6I,AMS Gerustbau,"Egal ob Hauslebauer oder Gross-Unternehmen: Wir von AMS Gerustbau Hannover bieten fur jeden die passende Gerustbau Losung. Unser kompetentes, eingespieltes Team aus Gerustbauern - gefuhrt von einem erfahrenen Gerustbau Meister - bietet Ihnen einen umfassenden Service fur Baugeruste in und um Hannover Lehrte.",,16,5,"Name: Karl-Heinz Hubener GmbH
Link: No Link
Reviews: 27 reviews

Name: Meyer Gerustbau
Link: No Link
Reviews: 4 reviews

Name: Susanne Begemann Gerustbau & Verleih
Link: No Link
Reviews: 2 reviews

Name: JL Gerustbau Jorg Liesner
Link: No Link
Reviews: No Reviews reviews

Name: Gerustbau Rudnick Inh. J. Rudnick
Link: No Link
Reviews: No Reviews reviews",https://ams-geruestbau.de/,05132 5020881,,AMS Gerustbau (Sahibi),https://www.google.com/maps/contrib/101634942270438095356,https://lh3.googleusercontent.com/p/AF1QipPmdDO85QFEdhAcX3ISL0la_Y9KKHdiDm7FdzXs=w1920-h1080-k-no,Iskele Hizmeti,Iskele Hizmeti,07:00-17:00,,"Cumartesi, Pazar","Im Kornfeld 5, 31275 Lehrte",,https://www.google.com/maps/place/AMS+Ger%C3%BCstbau/data=!4m7!3m6!1s0x47b009245c171e49:0xa28fbb908a0b98d2!8m2!3d52.3587481!4d9.9110011!16s%2Fg%2F11c47fvt1d!19sChIJSR4XXCQJsEcR0pgLipC7j6I?authuser=0&rclk=1,"gerustbauer in hannover, niedersachsen, germany"
ChIJffglNcJrsEcRJzlJd82XmWI,Dirk Muschen Gerustbau GmbH & Co. KG,"Ihr Profi in Sachen Gerustbau in Wedemark und Umgebung. Wir, die Firma Muschen Gerustbau GmbH & Co. KG mit Sitz in Wedemark, sind Ihr kompetenter und zuverlassiger Partner fur Geruste aller Art. Unser Betrieb spezialisierte sich zunachst auf professionelle Dachrinnenreinigungen und etablierte sich in den Jahren seit 2015 als renommierter Partner fur Geruste fur samtliche Einsatzgebiete. Unser hochmotiviertes und bestens qualifiziertes Team ist nicht nur in allen technischen Fragen, sondern auch in allen Aspekten der Sicherheit und Bauvorschrift stets auf dem aktuellsten Stand. Punktlichkeit und Termintreue sind daruber hinaus zwei Saulen unserer Betriebskultur, die im Baubereich ausserst hoch geschatzt werden.",,16,4.8,"Name: Maik Denecke Bauen und Sanieren
Link: No Link
Reviews: 14 reviews

Name: Richter Gerustbau
Link: No Link
Reviews: 10 reviews

Name: Meyer Gerustbau
Link: No Link
Reviews: 4 reviews

Name: Rollgerustevermietung Region Hannover
Link: No Link
Reviews: 3 reviews

Name: Susanne Begemann Gerustbau & Verleih
Link: No Link
Reviews: 2 reviews",https://www.mueschen.com/,05130 39431,,Dirk Muschen Gerustbau GmbH & Co. KG (Sahibi),https://www.google.com/maps/contrib/105270439898638439766,https://streetviewpixels-pa.googleapis.com/v1/thumbnail?panoid=kHdGLmwCnFDYkfUovF82Bg&cb_client=search.gws-prod.gps&w=408&h=240&yaw=330.07513&pitch=0&thumbfov=100,Iskele Hizmeti,Iskele Hizmeti,,,Open All Days,"Bunte Riede 14, 30900 Wedemark",,https://www.google.com/maps/place/Dirk+M%C3%BCschen+Ger%C3%BCstbau+GmbH+%26+Co.+KG/data=!4m7!3m6!1s0x47b06bc23525f87d:0x629997cd77493927!8m2!3d52.5842438!4d9.7298223!16s%2Fg%2F1tgw41rj!19sChIJffglNcJrsEcRJzlJd82XmWI?authuser=0&hl=tr&rclk=1,"gerustbauer in hannover, niedersachsen, germany"
ChIJadpArDynukcRSeomKxCXnD4,Steding Gerustbau,,,14,4.7,"Name: Dieter Jesse Gerustbau GmbH
Link: No Link
Reviews: 3 reviews

Name: Fischer H. Gerustvermietung GmbH
Link: No Link
Reviews: 2 reviews

Name: Gerust-Verleih Hannover
Link: No Link
Reviews: No Reviews reviews

Name: Gerustbau Patrick Schmidt
Link: No Link
Reviews: No Reviews reviews",http://steding-geruestbau.com/,05066 9048520,1,Steding Gerustbau (Sahibi),https://www.google.com/maps/contrib/102016460572675951682,https://streetviewpixels-pa.googleapis.com/v1/thumbnail?panoid=6hdkt-0NA8GtkuqZaul9EA&cb_client=search.gws-prod.gps&w=408&h=240&yaw=214.81834&pitch=0&thumbfov=100,Iskele Hizmeti,Iskele Hizmeti,,,Open All Days,"Koldinger Weg 1, 31157 Sarstedt",,https://www.google.com/maps/place/Steding+Ger%C3%BCstbau/data=!4m7!3m6!1s0x47baa73cac40da69:0x3e9c97102b26ea49!8m2!3d52.2599044!4d9.8486854!16s%2Fg%2F11byhlrxb2!19sChIJadpArDynukcRSeomKxCXnD4?authuser=0&rclk=1,"gerustbauer in hannover, niedersachsen, germany"
ChIJq6pOYpFzsEcRJwc-8KazdVo,Richter Gerustbau,,,12,4.3,"Name: Gerustbau Kaya | Hannover
Link: No Link
Reviews: 19 reviews

Name: J.V.T. Gerustbau Schneider GmbH
Link: No Link
Reviews: 17 reviews

Name: Gerustbau BINA GmbH
Link: No Link
Reviews: 8 reviews

Name: Meyer Gerustbau
Link: No Link
Reviews: 4 reviews

Name: Susanne Begemann Gerustbau & Verleih
Link: No Link
Reviews: 2 reviews",http://www.richter-geruestbau.de/,0511 796044,,Richter Gerustbau (Sahibi),https://www.google.com/maps/contrib/116922311355121208867,https://lh3.googleusercontent.com/gps-cs-s/AG0ilSw-HH-pi8DuQZZbZj2p_BZz4XDTLXPU2iXcgun2komM4csGiSDI60FHlybt1tX3HzgqZr8IiZu0Bpbm_PlVlO9s4oUi3V0flZvXJrnX5kvANIfwA-fr-1247_2LnZqOTNGgdc42=w1920-h1080-k-no,Iskele Hizmeti,Iskele Hizmeti,07:00-17:00,,"Cumartesi, Pazar","Entenfangweg 13, 30419 Hannover",,https://www.google.com/maps/place/Richter+Ger%C3%BCstbau/data=!4m7!3m6!1s0x47b07391624eaaab:0x5a75b3a6f03e0727!8m2!3d52.4060319!4d9.6830405!16s%2Fg%2F11rsbgmrx9!19sChIJq6pOYpFzsEcRJwc-8KazdVo?authuser=0&rclk=1,"gerustbauer in hannover, niedersachsen, germany"
ChIJmzGNGzR3sEcRSZtEYD1JUkE,GLT-Gerustbau,,,10,4.2,"Name: Blitzgerustbau Alak Hannover GmbH
Link: No Link
Reviews: 25 reviews

Name: J.V.T. Gerustbau Schneider GmbH
Link: No Link
Reviews: 17 reviews

Name: Kamp Gerustbau
Link: No Link
Reviews: 8 reviews

Name: Spartans Gerustbau GmbH
Link: No Link
Reviews: 1 reviews

Name: Kahle Gerustbau
Link: No Link
Reviews: No Reviews reviews",http://www.xn--glt-gerstbau-jlb.de/,05137 93073,,GLT-Gerustbau (Sahibi),https://www.google.com/maps/contrib/101340498967722198650,https://lh3.googleusercontent.com/gps-cs-s/AG0ilSwRWoEvD7WNJOJ99s4dqLx1XQrwsSCikdACxo2NeM9qGVrVboPVG9-3gbj6I61Y7EfpWT8k5pPLO0gJij5z12uQnT0N9v92fNG7MNRrbZYVge6_74Ug9meTV-r1ITs1Y-O0jVWg=w1920-h1080-k-no,Iskele Hizmeti,"Iskele Hizmeti, Insaat Makinesi Saticisi",07:00-16:00,,"Cumartesi, Pazar","Im Kanaleck 1, 30926 Seelze",,https://www.google.com/maps/place/GLT+Ger%C3%BCst-+und+Lift-Technik+GmbH/data=!4m7!3m6!1s0x47b077341b8d319b:0x4152493d60449b49!8m2!3d52.3961128!4d9.5622964!16s%2Fg%2F1ttyvsvn!19sChIJmzGNGzR3sEcRSZtEYD1JUkE?authuser=0&rclk=1,"gerustbauer in hannover, niedersachsen, germany"
ChIJhw7RuOcNsEcREg1yeKepeFo,XERVON GmbH // Standort Hannover,Die XERVON GmbH ist eines der fuhrenden Unternehmen fur technische Dienstleistungen zur Errichtung und Instandhaltung von Industrieanlagen und Bauprojekten und seit uber 80 Jahren fest im Markt etabliert u.a. mit den Sparten Gerustbau und Isolierung.,,9,4.6,"Name: Swecon Baumaschinen Hannover
Link: No Link
Reviews: 37 reviews

Name: BauBeCon
Link: No Link
Reviews: 3 reviews

Name: xrow GmbH
Link: No Link
Reviews: 2 reviews

Name: Celanx GmbH
Link: No Link
Reviews: No Reviews reviews

Name: Cemprotec GmbH
Link: No Link
Reviews: No Reviews reviews",http://www.xervon.de/,05136 9762270,,XERVON GmbH // Standort Hannover (Sahibi),https://www.google.com/maps/contrib/104086745677871870024,https://lh3.googleusercontent.com/p/AF1QipPWTwWxzy7E5bg6NO1mTDvd4z1PFp0MFs0dOEJl=w1920-h1080-k-no,Firmadan Firmaya Hizmet,Firmadan Firmaya Hizmet,09:00-16:00,,"Cumartesi, Pazar","Kollberg 10, 30916 Isernhagen",,https://www.google.com/maps/place/XERVON+GmbH+%2F%2F+Standort+Hannover/data=!4m7!3m6!1s0x47b00de7b8d10e87:0x5a78a9a778720d12!8m2!3d52.4418287!4d9.87889!16s%2Fg%2F1tnpk14n!19sChIJhw7RuOcNsEcREg1yeKepeFo?authuser=0&hl=tr&rclk=1,"gerustbauer in hannover, niedersachsen, germany"
ChIJN5HXz0gLsEcRXlMw20j9uAg,Dachdeckermeister Ingo Winckler GmbH,,,8,2.5,"Name: Rainer Mielke Dachdeckerei
Link: No Link
Reviews: 22 reviews

Name: Ludwig Schwenger
Link: No Link
Reviews: 10 reviews

Name: Dachdecker Innovative GmbH & Co. KG
Link: No Link
Reviews: 9 reviews

Name: K.-H. Wockener GmbH
Link: No Link
Reviews: 8 reviews

Name: Gebr. Kokemuller GmbH
Link: No Link
Reviews: 7 reviews",http://www.ingowinckler.de/,0511 669497,1,Dachdeckermeister Ingo Winckler GmbH (Sahibi),https://www.google.com/maps/contrib/108217112364842055359,,Cati Kaplama Firmasi,"Cati Kaplama Firmasi, Iskele Hizmeti",,,Open All Days,"Am Schatzkampe 10, 30163 Hannover",,https://www.google.com/maps/place/Dachdeckermeister+Ingo+Winckler+GmbH/data=!4m7!3m6!1s0x47b00b48cfd79137:0x8b8fd48db30535e!8m2!3d52.392097!4d9.7440998!16s%2Fg%2F1tj9sd0s!19sChIJN5HXz0gLsEcRXlMw20j9uAg?authuser=0&hl=tr&rclk=1,"gerustbauer in hannover, niedersachsen, germany"
ChIJa4O_VMoLsEcRghGclGmRBlI,Gerustbau BINA GmbH,"Gerustbau aus Hannover

Traditionell und gleichzeitig modern. Mit diesen Eigenschaften ist der Gerustbau BINA fur Sie da. Unser Handwerksbetrieb hat eine lange Tradition. Gleichzeitig nutzen wir Modernste Technik.
Kaum eine Baustelle kommt ohne Gerust aus. Ohne Gerust geht gar nichts. Egal um welche Art Gerust es sich handelt: Das einfache Fassadengerust, ein Hangegerust, ein Industriegerust, ein Schutzgerust oder auch eine Sonderkonstruktion als Gerust, diese Einrichtungen sind fast immer billiger als eine Hebebuhne. Daruber hinaus bieten sie Sicherheit und sind sehr stabil.

Bei Gerustbau BINA Hannover bekommen Sie Sicherheit, Qualitat und erstklassige Konditionen.",,8,4.5,"Name: Gerustbau Kaya | Hannover
Link: No Link
Reviews: 19 reviews

Name: J.V.T. Gerustbau Schneider GmbH
Link: No Link
Reviews: 17 reviews

Name: Richter Gerustbau
Link: No Link
Reviews: 10 reviews

Name: Meyer Gerustbau
Link: No Link
Reviews: 4 reviews

Name: Susanne Begemann Gerustbau & Verleih
Link: No Link
Reviews: 2 reviews",http://www.geruestbau-bina.de/,0511 64201102,,Gerustbau BINA GmbH (Sahibi),https://www.google.com/maps/contrib/111384110201556682183,https://lh3.googleusercontent.com/p/AF1QipMMpKCWejcmbKBnttuCnm4FCxxoIW3AkZVwhOfs=w1920-h1080-k-no,Iskele Hizmeti,Iskele Hizmeti,08:00-12:00,,"Cumartesi, Pazar","Wulferoder Str. 8, 30539 Hannover",,https://www.google.com/maps/place/Ger%C3%BCstbau+BINA+GmbH/data=!4m7!3m6!1s0x47b00bca54bf836b:0x52069169949c1182!8m2!3d52.3394434!4d9.8291591!16s%2Fg%2F11h10dzsc!19sChIJa4O_VMoLsEcRghGclGmRBlI?authuser=0&rclk=1,"gerustbauer in hannover, niedersachsen, germany"
ChIJpUDYZLx2sEcRjCtHjcDBqkg,Kamp Gerustbau,,,8,4.5,"Name: Gerustbau Kaya | Hannover
Link: No Link
Reviews: 19 reviews

Name: GLT-Gerustbau
Link: No Link
Reviews: 10 reviews

Name: STABAU
Link: No Link
Reviews: 2 reviews

Name: Spartans Gerustbau GmbH
Link: No Link
Reviews: 1 reviews

Name: Kahle Gerustbau
Link: No Link
Reviews: No Reviews reviews",http://www.xn--kamp-gerstbau-3ob.de/,05137 937200,1,Kamp Gerustbau (Sahibi),https://www.google.com/maps/contrib/105202061223955268044,https://lh3.googleusercontent.com/gps-cs-s/AG0ilSzucM6MT-i84bIarc9Q57yzrVoBNlLfnLgvZNhcuW51oRP6UnhI7y6G2o6ousEnsXpmp3rN6FNOVBFPjJUAJ9bHcIUyMFVnBQ8I-u9EnrScyz7QsI5Su_DiBh1vhE8dcUujLXwyeg=w1920-h1080-k-no,Iskele Hizmeti,Iskele Hizmeti,24 saat acik,,"Cumartesi, Pazar","Bohmsche Wiesen 22, 30926 Seelze",,https://www.google.com/maps/place/Kamp+Ger%C3%BCstbau/data=!4m7!3m6!1s0x47b076bc64d840a5:0x48aac1c08d472b8c!8m2!3d52.38013!4d9.61882!16s%2Fg%2F1tkl2cbf!19sChIJpUDYZLx2sEcRjCtHjcDBqkg?authuser=0&rclk=1,"gerustbauer in hannover, niedersachsen, germany"
ChIJOb7-YiSfukcRcwCnQGwJrgM,Gerustbau Kilian GmbH,,,6,4.8,"Name: Gerustbau Kaya | Hannover
Link: No Link
Reviews: 19 reviews

Name: Gerustbau BINA GmbH
Link: No Link
Reviews: 8 reviews

Name: Kamm Gerustbau
Link: No Link
Reviews: 3 reviews

Name: A1 Gerustbau GmbH (Springe)
Link: No Link
Reviews: No Reviews reviews

Name: Gerustbau Fritz Honig GmbH & Co. KG
Link: No Link
Reviews: No Reviews reviews",https://www.kilian-geruestbau.de/,05045 8110,1,Gerustbau Kilian GmbH (Sahibi),https://www.google.com/maps/contrib/114686520891089636648,https://streetviewpixels-pa.googleapis.com/v1/thumbnail?panoid=_AbhDHSRWfOGOEJ0DPDaPA&cb_client=search.gws-prod.gps&w=408&h=240&yaw=270.49792&pitch=0&thumbfov=100,Iskele Hizmeti,Iskele Hizmeti,,,Open All Days,"Breslauer Str. 9A, 31832 Springe",,https://www.google.com/maps/place/Ger%C3%BCstbau+Kilian+GmbH/data=!4m7!3m6!1s0x47ba9f2462febe39:0x3ae096c40a70073!8m2!3d52.2374341!4d9.655739!16s%2Fg%2F1vwln77b!19sChIJOb7-YiSfukcRcwCnQGwJrgM?authuser=0&rclk=1,"gerustbauer in hannover, niedersachsen, germany"
ChIJb6deLmN1sEcRQMioB9W_kDQ,Meyer Gerustbau,,,4,5,"Name: Gerustbau Samiez GmbH
Link: No Link
Reviews: 27 reviews

Name: Gerustbau Kaya | Hannover
Link: No Link
Reviews: 19 reviews

Name: J.V.T. Gerustbau Schneider GmbH
Link: No Link
Reviews: 17 reviews

Name: Richter Gerustbau
Link: No Link
Reviews: 10 reviews

Name: Gerustbau Mario Grunewald
Link: No Link
Reviews: No Reviews reviews",https://www.meyer-geruest.de/,0511 93680891,1,Meyer Gerustbau (Sahibi),https://www.google.com/maps/contrib/104948339034526599877,https://streetviewpixels-pa.googleapis.com/v1/thumbnail?panoid=eafz1sjkrigJVsjnyLFBOg&cb_client=search.gws-prod.gps&w=408&h=240&yaw=180.35068&pitch=0&thumbfov=100,Iskele Hizmeti,Iskele Hizmeti,07:00-17:00,,Pazar,"Kurt-Schumacher-Strasse 31, 30159 Hannover",,https://www.google.com/maps/place/Meyer+Ger%C3%BCstbau/data=!4m7!3m6!1s0x47b075632e5ea76f:0x3490bfd507a8c840!8m2!3d52.3764639!4d9.7336284!16s%2Fg%2F11pdn_mqpc!19sChIJb6deLmN1sEcRQMioB9W_kDQ?authuser=0&rclk=1,"gerustbauer in hannover, niedersachsen, germany"
ChIJ1SDnVf8_sEcRCE8RSu67tI8,Alpha-Gerustbau,,,3,5,"Name: Stahlrohrgerustbau GmbH Niewerth
Link: No Link
Reviews: 34 reviews

Name: A1 Gerustbau GmbH
Link: No Link
Reviews: 2 reviews

Name: Ginsburg Gerustbau
Link: No Link
Reviews: 1 reviews

Name: A1 Gerustbau GmbH (Celle)
Link: No Link
Reviews: No Reviews reviews

Name: HF Gerustbau & Gerust Verleih
Link: No Link
Reviews: No Reviews reviews",http://www.alpha-geruestbau-wietze.de/impressum-datenschutz,05146 985988,1,Alpha-Gerustbau (Sahibi),https://www.google.com/maps/contrib/107150846207674566243,,Iskele Hizmeti,Iskele Hizmeti,07:00-16:00,,"Cumartesi, Pazar","Ernst-August-Strasse 25, 29323 Wietze",,https://www.google.com/maps/place/Alpha-Ger%C3%BCstbau/data=!4m7!3m6!1s0x47b03fff55e720d5:0x8fb4bbee4a114f08!8m2!3d52.64163!4d9.84695!16s%2Fg%2F1tj44z5p!19sChIJ1SDnVf8_sEcRCE8RSu67tI8?authuser=0&hl=tr&rclk=1,"gerustbauer in hannover, niedersachsen, germany"
ChIJxxwKomC8QkcR973NV8b_cB4,Human Gerustbau,,,3,5,,https://www.human-geruestbau.de/,0511 35397080,,Human Gerustbau (Sahibi),https://www.google.com/maps/contrib/100582036060001248403,,Iskele Hizmeti,"Iskele Hizmeti, Service establishment",,,Open All Days,,,https://www.google.com/maps/place/Human+Ger%C3%BCstbau/data=!4m7!3m6!1s0x4742bc60a20a1cc7:0x1e70ffc657cdbdf7!8m2!3d52.3461852!4d9.8034494!16s%2Fg%2F11ycxcb2sf!19sChIJxxwKomC8QkcR973NV8b_cB4?authuser=0&rclk=1,"gerustbauer in hannover, niedersachsen, germany"
ChIJLSd8FeueukcRXhw10_GSUdQ,Kamm Gerustbau,,,3,4.3,"Name: Gerustbau Samiez GmbH
Link: No Link
Reviews: 27 reviews

Name: Kamp Gerustbau
Link: No Link
Reviews: 8 reviews

Name: Gerustbau Kilian GmbH
Link: No Link
Reviews: 6 reviews

Name: Kaya GmbH
Link: No Link
Reviews: No Reviews reviews

Name: A1 Gerustbau GmbH (Springe)
Link: No Link
Reviews: No Reviews reviews",http://kamm-geruestbau.de/,01575 3590598,1,Kamm Gerustbau (Sahibi),https://www.google.com/maps/contrib/106220399718470467494,https://streetviewpixels-pa.googleapis.com/v1/thumbnail?panoid=dro_leFRkyjvfLFhdO477A&cb_client=search.gws-prod.gps&w=408&h=240&yaw=2.1260428&pitch=0&thumbfov=100,Iskele Hizmeti,Iskele Hizmeti,,,Open All Days,"Hohe Heide 23, 30974 Wennigsen (Deister)",,https://www.google.com/maps/place/Kamm+Ger%C3%BCstbau/data=!4m7!3m6!1s0x47ba9eeb157c272d:0xd45192f1d3351c5e!8m2!3d52.25021!4d9.62266!16s%2Fg%2F11c31wfctv!19sChIJLSd8FeueukcRXhw10_GSUdQ?authuser=0&hl=tr&rclk=1,"gerustbauer in hannover, niedersachsen, germany"
ChIJpTni3otzsEcRpbePGwR2JvI,Rollgerustevermietung Region Hannover,"Rollgeruste - stabil und mobil

Sie suchen ein mobiles Baugerust in Hannover? Gunstig und als Baugerust variabel? Umgehend kommt hierfur die Losung: Chartern Sie ihre mobile Baurustung beim fachkompetenten Personal der Region Hannover - der Rollgerustvermietung Deutschland. Hier finden Sie eine enorme Produktauswahl an Rollgerusten fur divergente Einsatzorte. Standfest, kostensparend und betriebssicher - hierzu stehen die Altrex-Rollgeruste.",,3,5,"Name: Richter Gerustbau
Link: No Link
Reviews: 10 reviews

Name: Meyer Gerustbau
Link: No Link
Reviews: 4 reviews

Name: A1 Gerustbau GmbH
Link: No Link
Reviews: 2 reviews

Name: Gerust-Verleih Hannover
Link: No Link
Reviews: No Reviews reviews

Name: Gerustbau Fritz Honig GmbH & Co. KG
Link: No Link
Reviews: No Reviews reviews",https://www.rollgerueste-vermietung.de/rollgerueste-mieten-in-hannover,0800 70089156,,Rollgerustevermietung Region Hannover (Sahibi),https://www.google.com/maps/contrib/116230019030524726994,https://lh3.googleusercontent.com/p/AF1QipNzMvbVdIZn030P6GdyNrd4q2h98d5xNJppfbhq=w1920-h1080-k-no,Iskele Hizmeti,Iskele Hizmeti,08:00-17:00,,"Cumartesi, Pazar","Ithweg 35, 30851 Langenhagen",,https://www.google.com/maps/place/Rollger%C3%BCstevermietung+Region+Hannover/data=!4m7!3m6!1s0x47b0738bdee239a5:0xf22676041b8fb7a5!8m2!3d52.4288472!4d9.7401102!16s%2Fg%2F11p0dc2skt!19sChIJpTni3otzsEcRpbePGwR2JvI?authuser=0&rclk=1,"gerustbauer in hannover, niedersachsen, germany"
ChIJoeEPJUd0sEcRXz02O3HfLuo,Schuchardt Bedachungen Inh. Tino Bankonier,,,3,5,"Name: Stach Bedachungen Notdienst, Dachinspektionen und Reparaturen Dachdecker Hannover Niedersachsen
Link: No Link
Reviews: 197 reviews

Name: Friedrich Bedachungen GmbH
Link: No Link
Reviews: 36 reviews

Name: Heinz EWALD GmbH Bedachungen
Link: No Link
Reviews: 29 reviews

Name: Dachdeckerei Jarasinsky GmbH
Link: No Link
Reviews: 19 reviews

Name: Bock Bedachungen GmbH
Link: No Link
Reviews: 10 reviews",https://www.schuchardt-decktdasdach.de/,0511 496112,,Schuchardt Bedachungen Inh. Tino Bankonier (Sahibi),https://www.google.com/maps/contrib/112684545203243769055,https://lh3.googleusercontent.com/p/AF1QipPdFOrBOXCOetosY63v0sZpyzSvDL5A49SkRHfp=w1920-h1080-k-no,Cati Kaplama Firmasi,"Cati Kaplama Firmasi, Marangoz, Alcipan Isleri Yuklenicisi, Iskele Hizmeti, Gunes Enerjisi Yuklenicisi",08:00-16:00,,"Cumartesi, Pazar","Nelkenweg 7, 30457 Hannover",,https://www.google.com/maps/place/Schuchardt+Bedachungen+Inh.+Tino+Bankonier/data=!4m7!3m6!1s0x47b07447250fe1a1:0xea2edf713b363d5f!8m2!3d52.330569!4d9.6954947!16s%2Fg%2F1ttdxh9j!19sChIJoeEPJUd0sEcRXz02O3HfLuo?authuser=0&rclk=1,"gerustbauer in hannover, niedersachsen, germany"
ChIJHf5GjPJysEcRxQ3K2fgnJEk,A1 Gerustbau GmbH,"Geruste stellen eine extrem wichtige Sicherheitskomponente bei der Durchfuhrung von Bau- und Renovierungsvorhaben aller Art dar. Der Gerustbau in Hannover sichert die Arbeitskrafte auf der Baustelle ab, schutzt das Gebaude vor Witterungseinflussen und erleichtert das Arbeiten in grosser Hohe. Es ist sicher nicht ubertrieben zu behaupten, dass Geruste schon haufig Leben gerettet haben.
Die A1 Gerustbau GmbH steht fur massgeschneiderte Gerusterstellung und ein hohes Mass an Sicherheit, Flexibilitat und Zuverlassigkeit. Aufgrund der fast 20-jahrigen Erfahrung finden wir fur jede Ihrer Anforderungen eine passende Losung. Sie konnen sich ausserdem darauf verlassen, dass wir zugesagte Termine einhalten.",,2,5,"Name: Blitzgerustbau Alak Hannover GmbH
Link: No Link
Reviews: 25 reviews

Name: J.V.T. Gerustbau Schneider GmbH
Link: No Link
Reviews: 17 reviews

Name: Wilhelm Layher GmbH & Co KG | Niederlassung Langenhagen
Link: No Link
Reviews: 3 reviews

Name: A1 Gerustbau GmbH (Celle)
Link: No Link
Reviews: No Reviews reviews

Name: Gerustbau Patrick Schmidt
Link: No Link
Reviews: No Reviews reviews",https://www.a1geruestbau.de/,0511 8448444,,A1 Gerustbau GmbH (Sahibi),https://www.google.com/maps/contrib/110992870459124824127,https://streetviewpixels-pa.googleapis.com/v1/thumbnail?panoid=pRu7GIK-CiVztX0JircF-g&cb_client=search.gws-prod.gps&w=408&h=240&yaw=117.414314&pitch=0&thumbfov=100,Iskele Hizmeti,Iskele Hizmeti,08:00-18:00,,"Cumartesi, Pazar","Hanseatenstrasse 12, 30853 Langenhagen",,https://www.google.com/maps/place/A1+Ger%C3%BCstbau+GmbH/data=!4m7!3m6!1s0x47b072f28c46fe1d:0x492427f8d9ca0dc5!8m2!3d52.44984!4d9.7331!16s%2Fg%2F1tjymr_v!19sChIJHf5GjPJysEcRxQ3K2fgnJEk?authuser=0&rclk=1,"gerustbauer in hannover, niedersachsen, germany"
ChIJcdp9oPgKsEcRjW5eQGJwIdg,Mario Schwarz,,,2,3,"Name: Gerustbau Kaya | Hannover
Link: No Link
Reviews: 19 reviews

Name: Richter Gerustbau
Link: No Link
Reviews: 10 reviews

Name: Meyer Gerustbau
Link: No Link
Reviews: 4 reviews

Name: Susanne Begemann Gerustbau & Verleih
Link: No Link
Reviews: 2 reviews

Name: Gerustbau Mario Grunewald
Link: No Link
Reviews: No Reviews reviews",http://www.schwarz-geruestbau.net/,0511 8602953,1,Mario Schwarz (Sahibi),https://www.google.com/maps/contrib/106960155176364352304,https://lh3.googleusercontent.com/gps-cs-s/AG0ilSyOq5_JqfzKn0dfbfikNqd1xQN7EcWHGMv6OQfboUuV4XvY-5SFVZzAmyXfPwPNXUJg2_pJHV0gWu1f-6mwa9kr6CQXpTd158Bi9PtrJjCLLETuye9QQNbjejzEOx50ca_fxymf=w1920-h1080-k-no,Iskele Hizmeti,Iskele Hizmeti,,,Open All Days,"Am Mittelfelde 95, 30519 Hannover",,https://www.google.com/maps/place/Mario+Schwarz/data=!4m7!3m6!1s0x47b00af8a07dda71:0xd8217062405e6e8d!8m2!3d52.3337896!4d9.7969115!16s%2Fg%2F1tcwvs37!19sChIJcdp9oPgKsEcRjW5eQGJwIdg?authuser=0&rclk=1,"gerustbauer in hannover, niedersachsen, germany"
ChIJ7xqaYZFzsEcRt3hAL-yFwPk,STABAU,,,2,5,"Name: J.V.T. Gerustbau Schneider GmbH
Link: No Link
Reviews: 17 reviews

Name: Richter Gerustbau
Link: No Link
Reviews: 10 reviews

Name: Meyer Gerustbau
Link: No Link
Reviews: 4 reviews

Name: A1 Gerustbau GmbH
Link: No Link
Reviews: 2 reviews

Name: Gerustbau Kunkel
Link: No Link
Reviews: No Reviews reviews",http://www.stabau-hannover.de/,0511 795053,1,STABAU (Sahibi),https://www.google.com/maps/contrib/117503630746177752288,https://streetviewpixels-pa.googleapis.com/v1/thumbnail?panoid=ZK4Tb9jASSn6sWa9awd2gw&cb_client=search.gws-prod.gps&w=408&h=240&yaw=126.33551&pitch=0&thumbfov=100,Iskele Hizmeti,Iskele Hizmeti,09:00-17:30,,"Cumartesi, Pazar","Eilersweg 21, 30419 Hannover",,https://www.google.com/maps/place/STABAU/data=!4m7!3m6!1s0x47b07391619a1aef:0xf9c085ec2f4078b7!8m2!3d52.405411!4d9.6808623!16s%2Fg%2F1v26l4nh!19sChIJ7xqaYZFzsEcRt3hAL-yFwPk?authuser=0&rclk=1,"gerustbauer in hannover, niedersachsen, germany"
ChIJbYO1peQLsEcRWxxijDKXZUU,Susanne Begemann Gerustbau & Verleih,,,2,5,"Name: Gerustbau Kaya | Hannover
Link: No Link
Reviews: 19 reviews

Name: Richter Gerustbau
Link: No Link
Reviews: 10 reviews

Name: Gerustbau BINA GmbH
Link: No Link
Reviews: 8 reviews

Name: Meyer Gerustbau
Link: No Link
Reviews: 4 reviews

Name: Gerustbau Mario Grunewald
Link: No Link
Reviews: No Reviews reviews",https://geruestbauer.gmbh/hannover/3053-susanne-begemann-geruestbau--verleih,0511 513663,1,Susanne Begemann Gerustbau & Verleih (Sahibi),https://www.google.com/maps/contrib/116743786703518351852,https://streetviewpixels-pa.googleapis.com/v1/thumbnail?panoid=HKMGfLswE7Z5dFQaVRf8GQ&cb_client=search.gws-prod.gps&w=408&h=240&yaw=63.05606&pitch=0&thumbfov=100,Iskele Hizmeti,Iskele Hizmeti,,,Open All Days,"Oisseler Str. 22, 30559 Hannover",,https://www.google.com/maps/place/Susanne+Begemann+Ger%C3%BCstbau+%26+Verleih/data=!4m7!3m6!1s0x47b00be4a5b5836d:0x456597328c621c5b!8m2!3d52.3657136!4d9.8562183!16s%2Fg%2F1tt1g824!19sChIJbYO1peQLsEcRWxxijDKXZUU?authuser=0&rclk=1,"gerustbauer in hannover, niedersachsen, germany"
ChIJ49PC_IB3sEcRfTdSkEnfftM,Spartans Gerustbau GmbH,Sicherer Bau mit starken Gerusten - Spartans Gerustbau,,1,5,"Name: Gerustbau Kaya | Hannover
Link: No Link
Reviews: 19 reviews

Name: GLT-Gerustbau
Link: No Link
Reviews: 10 reviews

Name: Kamp Gerustbau
Link: No Link
Reviews: 8 reviews

Name: STABAU
Link: No Link
Reviews: 2 reviews

Name: Kahle Gerustbau
Link: No Link
Reviews: No Reviews reviews",https://geruestbauer.gmbh/seelze/2914-spartans-geruestbau-gmbh,0511 51522774,,Spartans Gerustbau GmbH (Sahibi),https://www.google.com/maps/contrib/102305310129713925378,https://lh3.googleusercontent.com/p/AF1QipOeB2BmjtgPG-9Qu8fLVfVVmhcNzSebNGSw7109=w1920-h1080-k-no,Iskele Hizmeti,Iskele Hizmeti,08:00-18:00,,"Cumartesi, Pazar","Immengarten 8, 30926 Seelze",,https://www.google.com/maps/place/Spartans+Ger%C3%BCstbau+GmbH/data=!4m7!3m6!1s0x47b07780fcc2d3e3:0xd37edf499052377d!8m2!3d52.3885005!4d9.5786458!16s%2Fg%2F11pzs0zkk6!19sChIJ49PC_IB3sEcRfTdSkEnfftM?authuser=0&rclk=1,"gerustbauer in hannover, niedersachsen, germany"
ChIJNwC954ATsEcRPT8RWW__zoI,A1 Gerustbau GmbH (Burgwedel),,,0,0,"Name: Blitzgerustbau Alak Hannover GmbH
Link: No Link
Reviews: 25 reviews

Name: Gerustbau Kaya | Hannover
Link: No Link
Reviews: 19 reviews

Name: Meyer Gerustbau
Link: No Link
Reviews: 4 reviews

Name: A1 Gerustbau GmbH (Celle)
Link: No Link
Reviews: No Reviews reviews

Name: Gerustbau Patrick Schmidt
Link: No Link
Reviews: No Reviews reviews",https://www.a1geruestbau.de/geruestbau-in-burgwedel/,0511 8448444,1,A1 Gerustbau GmbH (Burgwedel) (Sahibi),https://www.google.com/maps/contrib/113612494466858510405,,Iskele Hizmeti,Iskele Hizmeti,,,Open All Days,"Haferkamp 11, 30938 Burgwedel",,https://www.google.com/maps/place/A1+Ger%C3%BCstbau+GmbH+(Burgwedel)/data=!4m7!3m6!1s0x47b01380e7bd0037:0x82ceff6f59113f3d!8m2!3d52.4974473!4d9.8621741!16s%2Fg%2F11fvflwv1n!19sChIJNwC954ATsEcRPT8RWW__zoI?authuser=0&hl=tr&rclk=1,"gerustbauer in hannover, niedersachsen, germany"
ChIJtfaKEGWfukcRB98JOpFXIzg,A1 Gerustbau GmbH (Springe),,,0,0,"Name: Gerustbau Samiez GmbH
Link: No Link
Reviews: 27 reviews

Name: Steding Gerustbau
Link: No Link
Reviews: 14 reviews

Name: Gerustbau Kilian GmbH
Link: No Link
Reviews: 6 reviews

Name: Kamm Gerustbau
Link: No Link
Reviews: 3 reviews

Name: A1 Gerustbau GmbH (Celle)
Link: No Link
Reviews: No Reviews reviews",https://www.a1geruestbau.de/geruestbau-springe/,0511 8448444,1,A1 Gerustbau GmbH (Springe) (Sahibi),https://www.google.com/maps/contrib/113034155782179363763,https://streetviewpixels-pa.googleapis.com/v1/thumbnail?panoid=Sby49F1ht7tS3tOmeTE0gw&cb_client=search.gws-prod.gps&w=408&h=240&yaw=241.24039&pitch=0&thumbfov=100,Iskele Hizmeti,Iskele Hizmeti,,,Open All Days,"Glatzer Str. 8, 31832 Springe",,https://www.google.com/maps/place/A1+Ger%C3%BCstbau+GmbH+(Springe)/data=!4m7!3m6!1s0x47ba9f65108af6b5:0x382357913a09df07!8m2!3d52.2382126!4d9.65799!16s%2Fg%2F11j86v7xgj!19sChIJtfaKEGWfukcRB98JOpFXIzg?authuser=0&hl=tr&rclk=1,"gerustbauer in hannover, niedersachsen, germany"
ChIJf4gyIBx1sEcRg3rSa4S-HqY,Gerust-Verleih Hannover,Ein Gerust muss nicht teuer sein! Bei uns leihen Sie Ihr Baugerust gunstig aus. Geld sparen durch Selbstaufbau.,,0,0,"Name: Anhangerverleih Hannover
Link: No Link
Reviews: 140 reviews

Name: Anhangerverleih Hemmingen - Hannorent 24/7
Link: No Link
Reviews: 9 reviews

Name: Meyer Gerustbau
Link: No Link
Reviews: 4 reviews

Name: Rollgerustevermietung Region Hannover
Link: No Link
Reviews: 3 reviews

Name: Gerustbau Kunkel
Link: No Link
Reviews: No Reviews reviews",https://www.xn--gerst-verleih-hannover-ulc.de/,0511 8791824,,Gerust-Verleih Hannover (Sahibi),https://www.google.com/maps/contrib/101439542726580064223,https://streetviewpixels-pa.googleapis.com/v1/thumbnail?panoid=WRDqBCaYMIrmjk4XtHMThA&cb_client=search.gws-prod.gps&w=408&h=240&yaw=244.67252&pitch=0&thumbfov=100,Bina Ekipmanlari Kiralama Hizmeti,Bina Ekipmanlari Kiralama Hizmeti,"08:30-13:00, 14:00-17:00",,Pazar,"Hoher Holzweg 27, 30966 Hemmingen",,https://www.google.com/maps/place/Ger%C3%BCst-Verleih+Hannover/data=!4m7!3m6!1s0x47b0751c2032887f:0xa61ebe846bd27a83!8m2!3d52.3073561!4d9.7233094!16s%2Fg%2F11tbvmtqcc!19sChIJf4gyIBx1sEcRg3rSa4S-HqY?authuser=0&rclk=1,"gerustbauer in hannover, niedersachsen, germany"
ChIJ23O__F50sEcR-qOTTzoILLo,Gerustbau Mario Grunewald,,,0,0,"Name: Blitzgerustbau Alak Hannover GmbH
Link: No Link
Reviews: 25 reviews

Name: Gerustbau Kaya | Hannover
Link: No Link
Reviews: 19 reviews

Name: Meyer Gerustbau
Link: No Link
Reviews: 4 reviews

Name: Mario Schwarz
Link: No Link
Reviews: 2 reviews

Name: Gerustbau Kunkel
Link: No Link
Reviews: No Reviews reviews",https://geruestbauer.gmbh/hannover/3062-geruestbau-mario-grunewald,0163 2350013,,Gerustbau Mario Grunewald (Sahibi),https://www.google.com/maps/contrib/114797332435615400157,https://lh3.googleusercontent.com/p/AF1QipOP8QJovhx26ERKm8-RY-iIOy8_quZj6QH_ydi-=w1920-h1080-k-no,Iskele Hizmeti,"Iskele Hizmeti, Marangoz, Cati Kaplama Firmasi",07:00-17:00,,"Cumartesi, Pazar","Alte Speicherstrasse 7, 30453 Hannover",,https://www.google.com/maps/place/Ger%C3%BCstbau+Mario+Grunewald/data=!4m7!3m6!1s0x47b0745efcbf73db:0xba2c083a4f93a3fa!8m2!3d52.3666096!4d9.6866699!16s%2Fg%2F11d_ttntj5!19sChIJ23O__F50sEcR-qOTTzoILLo?authuser=0&rclk=1,"gerustbauer in hannover, niedersachsen, germany"
ChIJtZDuVy4JsEcRb2NntmBWzqA,JL Gerustbau Jorg Liesner,,,0,0,"Name: Karl-Heinz Hubener GmbH
Link: No Link
Reviews: 27 reviews

Name: AMS Gerustbau
Link: No Link
Reviews: 16 reviews

Name: GLT-Gerustbau
Link: No Link
Reviews: 10 reviews

Name: Meyer Malereibetrieb GmbH
Link: No Link
Reviews: 5 reviews

Name: Gerustbau Rudnick Inh. J. Rudnick
Link: No Link
Reviews: No Reviews reviews",http://jlg-geruestbau.de/,0177 6366140,1,JL Gerustbau Jorg Liesner (Sahibi),https://www.google.com/maps/contrib/108935268347673342902,https://streetviewpixels-pa.googleapis.com/v1/thumbnail?panoid=j4OECmSYJjfB_mUENwMATQ&cb_client=search.gws-prod.gps&w=408&h=240&yaw=175.77805&pitch=0&thumbfov=100,Iskele Hizmeti,Iskele Hizmeti,,,Open All Days,"Wohlerstrasse 2, 31275 Lehrte",,https://www.google.com/maps/place/JL+Ger%C3%BCstbau+J%C3%B6rg+Liesner/data=!4m7!3m6!1s0x47b0092e57ee90b5:0xa0ce5660b667636f!8m2!3d52.3652148!4d9.9110677!16s%2Fg%2F11c0vkjpcf!19sChIJtZDuVy4JsEcRb2NntmBWzqA?authuser=0&hl=tr&rclk=1,"gerustbauer in hannover, niedersachsen, germany"
ChIJq6rmVz10sEcRaclHVje1mt8,Kahle Gerustbau,Wir sind ein professioneller und zufalliger Gerustbaubetrieb und bieten mit uber 30 jahriger Berufserfahrung Geruste aller Art an.,,0,0,"Name: Gerustbau Kaya | Hannover
Link: No Link
Reviews: 19 reviews

Name: GLT-Gerustbau
Link: No Link
Reviews: 10 reviews

Name: Richter Gerustbau
Link: No Link
Reviews: 10 reviews

Name: Kamp Gerustbau
Link: No Link
Reviews: 8 reviews

Name: Andre Kairies
Link: No Link
Reviews: No Reviews reviews",https://kahle-geruestbau.de/kontakt/,0177 4591456,,Kahle Gerustbau (Sahibi),https://www.google.com/maps/contrib/106010071878923341115,https://lh3.googleusercontent.com/p/AF1QipMG1v0qreGd54O2Aa56-1w86L6lELLD-s11HG3G=w1920-h1080-k-no,Iskele Hizmeti,Iskele Hizmeti,07:00-17:00,,"Cumartesi, Pazar","Im Brande 4, 30926 Seelze",,https://www.google.com/maps/place/Kahle+Ger%C3%BCstbau/data=!4m7!3m6!1s0x47b0743d57e6aaab:0xdf9ab5375647c969!8m2!3d52.3728728!4d9.650279!16s%2Fg%2F11rsbghq35!19sChIJq6rmVz10sEcRaclHVje1mt8?authuser=0&hl=tr&rclk=1,"gerustbauer in hannover, niedersachsen, germany"
ChIJqaiTpVh0sEcRUGJjjXBdOGM,Kaya GmbH,,,0,0,"Name: Blitzgerustbau Alak Hannover GmbH
Link: No Link
Reviews: 25 reviews

Name: Richter Gerustbau
Link: No Link
Reviews: 10 reviews

Name: Gerustbau BINA GmbH
Link: No Link
Reviews: 8 reviews

Name: Meyer Gerustbau
Link: No Link
Reviews: 4 reviews

Name: Andre Kairies
Link: No Link
Reviews: No Reviews reviews",https://www.geruestbau-kaya.de/,0511 2134650,1,Kaya GmbH (Sahibi),https://www.google.com/maps/contrib/116302864209644279826,https://streetviewpixels-pa.googleapis.com/v1/thumbnail?panoid=M7L6M9oG9d4LfrBxh-N03w&cb_client=search.gws-prod.gps&w=408&h=240&yaw=137.60468&pitch=0&thumbfov=100,Iskele Hizmeti,Iskele Hizmeti,,,Open All Days,"Bartweg 9, 30453 Hannover",,https://www.google.com/maps/place/Kaya+GmbH/data=!4m7!3m6!1s0x47b07458a593a8a9:0x63385d708d636250!8m2!3d52.3635827!4d9.6890614!16s%2Fg%2F11fxvr4_tt!19sChIJqaiTpVh0sEcRUGJjjXBdOGM?authuser=0&rclk=1,"gerustbauer in hannover, niedersachsen, germany"
ChIJIeaRm18KsEcRED7cSgJ1SNU,Gerustbau Bellos Vasilios,Gerustbau und Vermietung,,2,5,"Name: Blitzgerustbau Alak Hannover GmbH
Link: No Link
Reviews: 25 reviews

Name: Gerustbau BINA GmbH
Link: No Link
Reviews: 8 reviews

Name: Andre Kairies
Link: No Link
Reviews: No Reviews reviews

Name: Okologische Renovierungen
Link: No Link
Reviews: No Reviews reviews",,05101 8551855,,Gerustbau Bellos Vasilios (Sahibi),https://www.google.com/maps/contrib/114407608979172322407,,Iskele Hizmeti,Iskele Hizmeti,07:00-17:00,,"Cumartesi, Pazar","Ludwig-Erhard-Strasse 16, 30982 Pattensen",,https://www.google.com/maps/place/Ger%C3%BCstbau+Bellos+Vasilios/data=!4m7!3m6!1s0x47b00a5f9b91e621:0xd54875024adc3e10!8m2!3d52.2649654!4d9.777889!16s%2Fg%2F1ptwr67g2!19sChIJIeaRm18KsEcRED7cSgJ1SNU?authuser=0&rclk=1,"gerustbauer in hannover, niedersachsen, germany"
ChIJ5U1Wvml0sEcR12n_wFajN64,Andre Kairies,,,0,0,"Name: Richter Gerustbau
Link: No Link
Reviews: 10 reviews

Name: Meyer Gerustbau
Link: No Link
Reviews: 4 reviews

Name: Kaya GmbH
Link: No Link
Reviews: No Reviews reviews

Name: Kahle Gerustbau
Link: No Link
Reviews: No Reviews reviews

Name: Gerustbau Patrick Schmidt
Link: No Link
Reviews: No Reviews reviews",,0511 401101,1,Andre Kairies (Sahibi),https://www.google.com/maps/contrib/105875408010309050201,https://streetviewpixels-pa.googleapis.com/v1/thumbnail?panoid=5pVhCOVQUYgyUfBJcFBczw&cb_client=search.gws-prod.gps&w=408&h=240&yaw=137.06587&pitch=0&thumbfov=100,Iskele Hizmeti,Iskele Hizmeti,,,Open All Days,"Schieferkamp 24, 30455 Hannover",,https://www.google.com/maps/place/Andre+Kairies/data=!4m7!3m6!1s0x47b07469be564de5:0xae37a356c0ff69d7!8m2!3d52.3725588!4d9.6730366!16s%2Fg%2F1vg_6bmy!19sChIJ5U1Wvml0sEcR12n_wFajN64?authuser=0&rclk=1,"gerustbauer in hannover, niedersachsen, germany"
ChIJB9P8MlFzsEcRlWXcX_4U7_w,Gerustbau Kunkel,,,0,0,"Name: Gerustbau Kunkel - Bad Nenndorf
Link: No Link
Reviews: 25 reviews

Name: Blitzgerustbau Alak Hannover GmbH
Link: No Link
Reviews: 25 reviews

Name: Meyer Gerustbau
Link: No Link
Reviews: 4 reviews

Name: Gerustbau Mario Grunewald
Link: No Link
Reviews: No Reviews reviews

Name: Gerust-Verleih Hannover
Link: No Link
Reviews: No Reviews reviews",,,1,Gerustbau Kunkel (Sahibi),https://www.google.com/maps/contrib/106199891556837087309,https://streetviewpixels-pa.googleapis.com/v1/thumbnail?panoid=sBtSGLBVZrVsIVVYg5c6bQ&cb_client=search.gws-prod.gps&w=408&h=240&yaw=47.48957&pitch=0&thumbfov=100,Iskele Hizmeti,Iskele Hizmeti,,,Open All Days,"Ferdinand-Wallbrecht-Strasse 30, 30163 Hannover",,https://www.google.com/maps/place/Gerustbau+Kunkel/data=!4m7!3m6!1s0x47b0735132fcd307:0xfcef14fe5fdc6595!8m2!3d52.3917601!4d9.7479225!16s%2Fg%2F11n__80t3v!19sChIJB9P8MlFzsEcRlWXcX_4U7_w?authuser=0&rclk=1,"gerustbauer in hannover, niedersachsen, germany"
ChIJIYYYVg11sEcRNNxKHG_6wz8,Gerustbau Fritz Honig GmbH & Co. KG,,,0,0,"Name: Blitzgerustbau Alak Hannover GmbH
Link: No Link
Reviews: 25 reviews

Name: Rollgerustevermietung Region Hannover
Link: No Link
Reviews: 3 reviews

Name: Jurgen Meiseberg
Link: No Link
Reviews: 2 reviews

Name: Mario Schwarz
Link: No Link
Reviews: 2 reviews

Name: Gerustbau Patrick Schmidt
Link: No Link
Reviews: No Reviews reviews",,0511 442485,1,Gerustbau Fritz Honig GmbH & Co. KG (Sahibi),https://www.google.com/maps/contrib/109129165920028223523,,Iskele Hizmeti,Iskele Hizmeti,,,Open All Days,"Deveser Str. 28, 30457 Hannover",,https://www.google.com/maps/place/Ger%C3%BCstbau+Fritz+Honig+GmbH+%26+Co.+KG/data=!4m7!3m6!1s0x47b0750d56188621:0x3fc3fa6f1c4adc34!8m2!3d52.3269884!4d9.6910347!16s%2Fg%2F1tg_kph9!19sChIJIYYYVg11sEcRNNxKHG_6wz8?authuser=0&rclk=1,"gerustbauer in hannover, niedersachsen, germany"
ChIJq8ng2LwLsEcR6MIRY6Q4iXw,Gerustbau Patrick Schmidt,,,0,0,"Name: Gerustbau Kaya | Hannover
Link: No Link
Reviews: 19 reviews

Name: Richter Gerustbau
Link: No Link
Reviews: 10 reviews

Name: Meyer Gerustbau
Link: No Link
Reviews: 4 reviews

Name: A1 Gerustbau GmbH
Link: No Link
Reviews: 2 reviews

Name: Gerustbau Fritz Honig GmbH & Co. KG
Link: No Link
Reviews: No Reviews reviews",,0511 60096000,1,Gerustbau Patrick Schmidt (Sahibi),https://www.google.com/maps/contrib/109081130782384042403,https://streetviewpixels-pa.googleapis.com/v1/thumbnail?panoid=jDw9kpeCsO6yL-JSer8-AQ&cb_client=search.gws-prod.gps&w=408&h=240&yaw=289.1566&pitch=0&thumbfov=100,Iskele Hizmeti,Iskele Hizmeti,,,Open All Days,"Lange-Hop-Strasse 60, 30559 Hannover",,https://www.google.com/maps/place/Ger%C3%BCstbau+Patrick+Schmidt/data=!4m7!3m6!1s0x47b00bbcd8e0c9ab:0x7c8938a46311c2e8!8m2!3d52.3560519!4d9.8188822!16s%2Fg%2F1tgly0jy!19sChIJq8ng2LwLsEcR6MIRY6Q4iXw?authuser=0&rclk=1,"gerustbauer in hannover, niedersachsen, germany"
ChIJ_wfNPFlzsEcRaawQB6fe7Kc,REWA Gerustservice UG,,,0,0,"Name: Gerustbau Kaya | Hannover
Link: No Link
Reviews: 19 reviews

Name: Meyer Gerustbau
Link: No Link
Reviews: 4 reviews

Name: Rollgerustevermietung Region Hannover
Link: No Link
Reviews: 3 reviews

Name: STABAU
Link: No Link
Reviews: 2 reviews

Name: Gerustbau Kunkel
Link: No Link
Reviews: No Reviews reviews",,0511 92001337,1,REWA Gerustservice UG (Sahibi),https://www.google.com/maps/contrib/103777151765230856092,https://streetviewpixels-pa.googleapis.com/v1/thumbnail?panoid=YCKqLDxOkVZmSmzQyLTaKw&cb_client=search.gws-prod.gps&w=408&h=240&yaw=36.455154&pitch=0&thumbfov=100,Iskele Hizmeti,Iskele Hizmeti,,,Open All Days,"Kriegerstrasse 16, 30161 Hannover",,https://www.google.com/maps/place/REWA+Ger%C3%BCstservice+UG/data=!4m7!3m6!1s0x47b073593ccd07ff:0xa7ecdea70710ac69!8m2!3d52.3906275!4d9.7368574!16s%2Fg%2F11d_tz39cj!19sChIJ_wfNPFlzsEcRaawQB6fe7Kc?authuser=0&rclk=1,"gerustbauer in hannover, niedersachsen, germany"
